,negative,positive
0,0.5603576751117735,0.4396423248882265
1,0.737527114967462,0.26247288503253796
2,0.4204081632653061,0.5795918367346938
3,0.28620102214650767,0.7137989778534923
4,0.16666666666666666,0.8333333333333334
5,0.7777777777777778,0.2222222222222222
