,negative,positive
0,0.4916267942583732,0.5083732057416268
1,0.4639865996649916,0.5360134003350083
2,0.44028520499108736,0.5597147950089126
3,0.5017026106696936,0.4982973893303065
4,0.8021390374331551,0.19786096256684493
5,0.0,1.0
